<!DOCTYPE QGLVIEWER>
<QGLViewer version="2.7.2">
  <State stereo="false">
    <foregroundColor red="180" green="180" blue="180"/>
    <backgroundColor red="51" green="51" blue="51"/>
  </State>
  <Display cameraIsEdited="false" gridIsDrawn="false" FPSIsDisplayed="false" axisIsDrawn="false"/>
  <Geometry fullScreen="false" posY="27" posX="67" width="1853" height="1025"/>
  <Camera>
    <Parameters Type="PERSPECTIVE" zClippingCoefficient="1.73205" orthoCoef="0.414214" zNearCoefficient="0.005" fieldOfView="0.785398" sceneRadius="1000">
      <SceneCenter z="0" y="0" x="0"/>
    </Parameters>
    <Stereo physScreenWidth="0.5" IODist="0.062" focusDistance="2414.21"/>
    <ManipulatedCameraFrame>
      <position z="7.08218" y="-13.4972" x="-22.1536"/>
      <orientation q1="-0.340831" q0="0.502146" q3="0.723332" q2="-0.329355"/>
      <ManipulatedParameters spinSens="0.3" transSens="1" zoomSens="1" rotSens="1" wheelSens="1"/>
      <ManipulatedCameraParameters rotatesAroundUpVector="false" flySpeed="10" zoomsOnPivotPoint="false">
        <sceneUpVector z="0" y="1" x="0"/>
      </ManipulatedCameraParameters>
    </ManipulatedCameraFrame>
  </Camera>
</QGLViewer>
