<!DOCTYPE QGLVIEWER>
<QGLViewer version="2.7.2">
  <State stereo="false">
    <foregroundColor red="180" green="180" blue="180"/>
    <backgroundColor red="51" green="51" blue="51"/>
  </State>
  <Display gridIsDrawn="false" cameraIsEdited="false" axisIsDrawn="false" FPSIsDisplayed="false"/>
  <Geometry posX="67" posY="27" width="1853" height="1025" fullScreen="false"/>
  <Camera>
    <Parameters zClippingCoefficient="1.73205" Type="PERSPECTIVE" sceneRadius="1000" zNearCoefficient="0.005" fieldOfView="0.785398" orthoCoef="0.414214">
      <SceneCenter z="0" x="0" y="0"/>
    </Parameters>
    <Stereo physScreenWidth="0.5" IODist="0.062" focusDistance="2414.21"/>
    <ManipulatedCameraFrame>
      <position z="80.7573" x="-18.5786" y="55.6965"/>
      <orientation q2="0.92182" q3="-0.233798" q0="-0.0227261" q1="0.308334"/>
      <ManipulatedParameters wheelSens="1" transSens="1" spinSens="0.3" rotSens="1" zoomSens="1"/>
      <ManipulatedCameraParameters flySpeed="10" rotatesAroundUpVector="false" zoomsOnPivotPoint="false">
        <sceneUpVector z="0" x="0" y="1"/>
      </ManipulatedCameraParameters>
    </ManipulatedCameraFrame>
  </Camera>
</QGLViewer>
